Keyword,Position,Previous position,Search Volume,Keyword Difficulty,CPC,URL,Traffic,Traffic (%),Traffic Cost,Competition,Number of Results,Trends,Timestamp,SERP Features by Keyword,Keyword Intents,Position Type
cheapest time to visit switzerland,14,14,210,16,0.52,https://epictravelsblog.com/cheapest-month-to-visit-switzerland-tourists-miss/,1,100,0.00,0.11,183,"[100,65,53,53,53,43,65,81,53,65,100,81]",2026-03-14,"Video, Related searches, AI overview","commercial, informational",Organic
cheapest trip to antarctica,67,67,40,9,2.10,https://epictravelsblog.com/how-to-find-the-cheapest-antarctica-cruise/,0,0,0.00,0.62,209,"[35,7,14,21,0,14,28,35,28,50,50,50]",2026-03-23,"Sitelinks, Video, Image, Related searches, Discussions and forums, AI overview","commercial, informational",Organic
nys getaways,51,51,70,30,0.79,https://epictravelsblog.com/10-best-new-york-weekend-getaway-ideas/,0,0,0.00,0.98,181,"[6,23,9,6,6,6,6,9,9,6,9,6]",2026-03-05,"Sitelinks, Video, Image, People also ask, Related searches, AI overview",informational,Organic
new york city getaways,52,52,170,30,1.13,https://epictravelsblog.com/10-best-new-york-weekend-getaway-ideas/,0,0,0.00,0.62,0,"[12,3,5,5,81,7,15,10,12,44,12,4]",2026-03-09,"Video, Image, Video Carousel, Related searches, AI overview",informational,Organic
new york city getaways,82,82,170,30,1.13,https://epictravelsblog.com/10-best-new-york-weekend-getaway-ideas/,0,0,0.00,0.62,0,"[12,3,5,5,81,7,15,10,12,44,12,4]",2026-03-09,"Video, Image, Video Carousel, Related searches, AI overview",informational,Organic
mini vacations in ny,69,69,40,32,1.10,https://epictravelsblog.com/10-best-new-york-weekend-getaway-ideas/,0,0,0.00,0.59,250000000,"[18,18,18,18,18,18,100,100,18,18,18,18]",2026-02-26,"Sitelinks, Video, Image, People also ask, Related searches, AI overview",informational,Organic
ny weekend getaway,59,59,210,18,0.90,https://epictravelsblog.com/10-best-new-york-weekend-getaway-ideas/,0,0,0.00,0.69,90700000,"[1,0,2,2,100,0,2,2,0,0,0,0]",2026-03-16,"Sitelinks, Video, Image, Related searches, Short videos, Discussions and forums, AI overview",informational,Organic
cheapest antarctica cruise,67,67,590,12,2.50,https://epictravelsblog.com/how-to-find-the-cheapest-antarctica-cruise/,0,0,0.00,0.27,1070000,"[55,30,36,30,67,30,36,55,100,24,30,45]",2026-03-14,"Sitelinks, Video, Image, Ads bottom, Related searches, Discussions and forums, AI overview","commercial, informational",Organic
new zealand travel alone,63,63,90,8,0.00,https://epictravelsblog.com/why-solo-travel-in-new-zealand/,0,0,0.00,0.62,0,"[7,0,3,11,53,7,3,80,34,34,100,53]",2026-03-12,"Sitelinks, Video, Image, Video Carousel, Related searches, Discussions and forums",informational,Organic
new york city weekend getaways,61,61,30,19,0.90,https://epictravelsblog.com/10-best-new-york-weekend-getaway-ideas/,0,0,0.00,0.69,0,"[3,0,3,3,0,19,100,11,3,7,11,11]",2026-03-10,"Sitelinks, Video, Image, Related searches, Discussions and forums","commercial, informational",Organic
new york city weekend getaways,90,90,30,19,0.90,https://epictravelsblog.com/10-best-new-york-weekend-getaway-ideas/,0,0,0.00,0.69,0,"[3,0,3,3,0,19,100,11,3,7,11,11]",2026-03-10,"Sitelinks, Video, Image, Related searches, Discussions and forums","commercial, informational",Organic
cool weekend getaways from nyc,84,84,70,11,0.36,https://epictravelsblog.com/10-best-new-york-weekend-getaway-ideas/,0,0,0.00,0.32,45600000,"[50,64,50,64,100,78,35,35,50,35,35,28]",2026-03-18,"Video, Image, Related searches, AI overview",commercial,Organic
weekend in new york,61,61,480,16,0.55,https://epictravelsblog.com/10-best-new-york-weekend-getaway-ideas/,0,0,0.00,0.71,150,"[20,20,20,25,25,25,31,31,25,25,31,31]",2026-03-09,"Sitelinks, Video, Image, Related searches, AI overview","commercial, informational",Organic
best long weekend trips from nyc,61,61,110,17,0.41,https://epictravelsblog.com/10-best-new-york-weekend-getaway-ideas/,0,0,0.00,0.19,154000000,"[33,66,52,100,80,66,52,42,33,52,23,23]",2026-03-01,"Sitelinks, Video, Image, People also ask, Related searches, Discussions and forums, AI overview",commercial,Organic
fun weekend trips from nyc,77,77,70,15,0.33,https://epictravelsblog.com/10-best-new-york-weekend-getaway-ideas/,0,0,0.00,0.4,0,"[23,23,100,41,52,52,23,41,41,23,29,23]",2026-03-08,"Video, Image, Related searches, Discussions and forums, AI overview",commercial,Organic
solo new zealand,86,86,40,9,0.00,https://epictravelsblog.com/why-solo-travel-in-new-zealand/,0,0,0.00,0.08,147,"[18,18,18,18,36,18,27,27,100,36,36,18]",2026-03-25,"Sitelinks, Video, Image, Video Carousel, Related searches, See results about, AI overview",informational,Organic
long weekend in new york,83,83,110,13,0.44,https://epictravelsblog.com/10-best-new-york-weekend-getaway-ideas/,0,0,0.00,0.28,931000000,"[23,52,33,52,52,66,100,80,100,23,52,42]",2026-02-27,"Sitelinks, Video, Image, People also ask, Related searches",informational,Organic
cheapest time to travel to switzerland,13,13,140,13,0.52,https://epictravelsblog.com/cheapest-month-to-visit-switzerland-tourists-miss/,0,0,0.00,0.11,153,"[100,65,65,53,42,53,53,34,53,65,42,34]",2026-03-29,"Sitelinks, Video, Video Carousel, Related searches, AI overview","commercial, informational",Organic
weekend trips to nyc,39,39,140,21,0.65,https://epictravelsblog.com/10-best-new-york-weekend-getaway-ideas/,0,0,0.00,0.69,0,"[53,53,80,26,34,26,100,34,53,53,53,42]",2026-03-09,"Sitelinks, Video, Image, Related searches, Discussions and forums, AI overview",informational,Organic
weekend trips to nyc,67,67,140,21,0.65,https://epictravelsblog.com/10-best-new-york-weekend-getaway-ideas/,0,0,0.00,0.69,0,"[53,53,80,26,34,26,100,34,53,53,53,42]",2026-03-09,"Sitelinks, Video, Image, Related searches, Discussions and forums, AI overview",informational,Organic
cheapest antarctica cruises,77,77,260,17,2.45,https://epictravelsblog.com/how-to-find-the-cheapest-antarctica-cruise/,0,0,0.00,0.4,738000,"[0,1,0,2,1,1,0,0,1,100,30,45]",2026-02-28,"Sitelinks, Video, Image, People also ask, Related searches, Discussions and forums, AI overview","commercial, informational",Organic
weekend getaway from new york,81,81,390,24,0.90,https://epictravelsblog.com/10-best-new-york-weekend-getaway-ideas/,0,0,0.00,0.69,0,"[2,2,3,3,4,3,10,5,4,7,24,1]",2026-03-13,"Sitelinks, Video, Image, Related searches",commercial,Organic
weekend getaways ny,68,68,590,35,0.90,https://epictravelsblog.com/10-best-new-york-weekend-getaway-ideas/,0,0,0.00,0.69,0,"[29,44,81,29,100,100,67,54,54,81,36,36]",2026-03-15,"Sitelinks, Video, Image, Related searches, AI overview",informational,Organic
weekend getaways ny,71,71,590,35,0.90,https://epictravelsblog.com/10-best-new-york-weekend-getaway-ideas/,0,0,0.00,0.69,0,"[29,44,81,29,100,100,67,54,54,81,36,36]",2026-03-15,"Sitelinks, Video, Image, Related searches, AI overview",informational,Organic
most beautiful places in south africa,91,91,70,30,1.51,https://epictravelsblog.com/best-places-to-visit-in-south-africa-you-cant-miss/,0,0,0.00,0.22,151000000,"[9,52,14,9,52,52,9,9,19,14,19,100]",2026-03-04,"Sitelinks, Video, Image, Video Carousel, People also ask, Related searches, Discussions and forums, AI overview",informational,Organic
ny getaways,74,74,140,27,0.84,https://epictravelsblog.com/10-best-new-york-weekend-getaway-ideas/,0,0,0.00,0.59,0,"[8,4,8,6,6,8,13,10,10,10,16,5]",2026-03-07,"Video, Image, Video Carousel, Related searches, Discussions and forums, AI overview",informational,Organic
getaways nyc,68,68,170,30,1.04,https://epictravelsblog.com/10-best-new-york-weekend-getaway-ideas/,0,0,0.00,0.54,12900000,"[2,26,26,32,11,39,17,11,11,5,7,7]",2026-02-28,"Sitelinks, Video, Image, Video Carousel, People also ask, Related searches, Discussions and forums, AI overview",informational,Organic
best time to travel to johannesburg,90,90,110,14,0.89,https://epictravelsblog.com/why-winter-is-the-best-time-to-visit-johannesburg/,0,0,0.00,0.21,61900000,"[100,64,64,64,82,64,64,52,52,64,29,41]",2026-03-22,"Sitelinks, Video, Related searches, Discussions and forums, AI overview",commercial,Organic
getaways to new york,64,64,40,35,0.86,https://epictravelsblog.com/10-best-new-york-weekend-getaway-ideas/,0,0,0.00,0.87,0,"[27,100,0,0,0,9,81,45,63,18,18,18]",2026-03-10,"Sitelinks, Video, Image, Related searches, AI overview",informational,Organic
nice weekend getaways in ny,63,63,70,19,1.06,https://epictravelsblog.com/10-best-new-york-weekend-getaway-ideas/,0,0,0.00,0.24,12300000,"[29,41,52,41,52,82,64,29,29,41,29,29]",2026-03-04,"Sitelinks, Video, Image, People also ask, Related searches, Discussions and forums, AI overview",informational,Organic
weekend getaway in new york,45,45,50,23,0.93,https://epictravelsblog.com/10-best-new-york-weekend-getaway-ideas/,0,0,0.00,0.51,143,"[44,8,8,6,3,6,3,15,6,5,3,1]",2026-03-05,"Sitelinks, Video, Image, People also ask, Related searches, AI overview",informational,Organic
weekend getaway in new york,67,67,50,23,0.93,https://epictravelsblog.com/10-best-new-york-weekend-getaway-ideas/,0,0,0.00,0.51,143,"[44,8,8,6,3,6,3,15,6,5,3,1]",2026-03-05,"Sitelinks, Video, Image, People also ask, Related searches, AI overview",informational,Organic
cheap antarctica trip,58,58,40,14,2.10,https://epictravelsblog.com/how-to-find-the-cheapest-antarctica-cruise/,0,0,0.00,0.62,75800000,"[100,18,9,81,45,100,27,18,18,18,9,27]",2026-03-30,"Sitelinks, Video, Image, Ads bottom, Related searches, Discussions and forums, AI overview",commercial,Organic
best weekend getaways from new york,33,33,480,14,0.88,https://epictravelsblog.com/10-best-new-york-weekend-getaway-ideas/,0,0,0.00,0.36,160,"[13,100,100,16,30,13,6,55,76,8,5,10]",2026-03-18,"Sitelinks, Video, Related searches, Discussions and forums, AI overview",commercial,Organic
best weekend getaways from new york,64,64,480,14,0.88,https://epictravelsblog.com/10-best-new-york-weekend-getaway-ideas/,0,0,0.00,0.36,160,"[13,100,100,16,30,13,6,55,76,8,5,10]",2026-03-18,"Sitelinks, Video, Related searches, Discussions and forums, AI overview",commercial,Organic
getaway in new york,47,47,90,16,1.04,https://epictravelsblog.com/10-best-new-york-weekend-getaway-ideas/,0,0,0.00,0.54,59800000,"[3,26,34,34,26,19,19,42,42,53,42,42]",2026-03-05,"Sitelinks, Video, Image, Video Carousel, Related searches, Short videos, Discussions and forums, AI overview",informational,Organic
getaway in new york,77,77,90,16,1.04,https://epictravelsblog.com/10-best-new-york-weekend-getaway-ideas/,0,0,0.00,0.54,59800000,"[3,26,34,34,26,19,19,42,42,53,42,42]",2026-03-05,"Sitelinks, Video, Image, Video Carousel, Related searches, Short videos, Discussions and forums, AI overview",informational,Organic
affordable antarctica cruises,63,63,260,22,2.50,https://epictravelsblog.com/how-to-find-the-cheapest-antarctica-cruise/,0,0,0.00,0.27,123,"[26,26,26,39,26,32,7,72,11,48,11,11]",2026-03-06,"Sitelinks, Video, Image, Related searches, Discussions and forums, AI overview",informational,Organic
affordable antarctica cruises,95,95,260,22,2.50,https://epictravelsblog.com/how-to-find-the-cheapest-antarctica-cruise/,0,0,0.00,0.27,123,"[26,26,26,39,26,32,7,72,11,48,11,11]",2026-03-06,"Sitelinks, Video, Image, Related searches, Discussions and forums, AI overview",informational,Organic
weekend trips new york,92,92,30,16,0.93,https://epictravelsblog.com/10-best-new-york-weekend-getaway-ideas/,0,0,0.00,0.51,258000000,"[100,100,9,27,18,9,9,27,9,0,9,0]",2026-02-19,"Sitelinks, Video, Image, People also ask, Related searches, AI overview",informational,Organic
best nyc weekend getaways,55,55,110,20,0.88,https://epictravelsblog.com/10-best-new-york-weekend-getaway-ideas/,0,0,0.00,0.36,12600000,"[2,1,2,0,2,1,3,100,2,2,0,29]",2026-03-11,"Video, Image, Related searches, Discussions and forums, AI overview","commercial, informational",Organic
inexpensive weekend getaways from nyc,68,68,260,22,0.84,https://epictravelsblog.com/10-best-new-york-weekend-getaway-ideas/,0,0,0.00,0.73,1500000,"[54,23,100,100,36,29,19,29,19,29,1,1]",2026-03-19,"Sitelinks, Video, Image, Related searches, Discussions and forums, AI overview",informational,Organic
new zealand solo travel,62,62,260,12,2.45,https://epictravelsblog.com/why-solo-travel-in-new-zealand/,0,0,0.00,0.54,45500000,"[35,35,54,35,35,35,28,28,35,54,100,44]",2026-03-20,"Sitelinks, Video, Image, Ads bottom, Video Carousel, Related searches, Discussions and forums, AI overview",informational,Organic
getaway new york,46,46,260,36,1.13,https://epictravelsblog.com/10-best-new-york-weekend-getaway-ideas/,0,0,0.00,0.62,0,"[30,7,4,4,5,3,16,8,8,8,8,24]",2026-03-14,"Video, Image, Video Carousel, Related searches, Discussions and forums, AI overview",informational,Organic
budget friendly antarctica cruises,64,64,590,14,3.11,https://epictravelsblog.com/how-to-find-the-cheapest-antarctica-cruise/,0,0,0.00,0.54,2550000,"[0,0,0,0,11,13,100,100,13,3,0,0]",2026-03-24,"Sitelinks, Video, Image, Ads bottom, Related searches, Discussions and forums, AI overview","commercial, informational",Organic
budget friendly antarctica cruises,70,70,590,14,3.11,https://epictravelsblog.com/how-to-find-the-cheapest-antarctica-cruise/,0,0,0.00,0.54,2550000,"[0,0,0,0,11,13,100,100,13,3,0,0]",2026-03-24,"Sitelinks, Video, Image, Ads bottom, Related searches, Discussions and forums, AI overview","commercial, informational",Organic
getaway to new york,90,90,30,35,0.86,https://epictravelsblog.com/10-best-new-york-weekend-getaway-ideas/,0,0,0.00,0.87,0,"[0,27,100,100,0,0,45,0,0,0,0,0]",2026-03-10,"Sitelinks, Video, Image, Related searches",informational,Organic
getaway to new york,91,91,30,35,0.86,https://epictravelsblog.com/10-best-new-york-weekend-getaway-ideas/,0,0,0.00,0.87,0,"[0,27,100,100,0,0,45,0,0,0,0,0]",2026-03-10,"Sitelinks, Video, Image, Related searches",informational,Organic
antarctica trip cheap,58,58,40,17,2.10,https://epictravelsblog.com/how-to-find-the-cheapest-antarctica-cruise/,0,0,0.00,0.62,149,"[9,18,9,63,63,9,18,45,9,45,63,100]",2026-03-12,"Sitelinks, Video, Image, Video Carousel, Related searches, Discussions and forums, AI overview",informational,Organic
weekend trip new york city,47,47,70,17,0.67,https://epictravelsblog.com/10-best-new-york-weekend-getaway-ideas/,0,0,0.00,0.59,2820000000,"[7,4,0,5,0,23,1,7,15,4,5,5]",2026-03-15,"Video, Image, Video Carousel, Related searches, Discussions and forums, AI overview",informational,Organic
epic travels,13,13,110,28,3.13,https://epictravelsblog.com/,0,0,0.00,0.13,205000000,"[4,8,54,35,8,22,22,14,54,10,10,10]",2026-03-20,"Video, Image, Related searches",informational,Organic
weekend trips from new york,97,97,170,13,0.90,https://epictravelsblog.com/10-best-new-york-weekend-getaway-ideas/,0,0,0.00,0.69,0,"[3,1,1,4,2,1,4,4,1,5,0,0]",2026-03-11,"Sitelinks, Video, Image, Related searches, Discussions and forums, AI overview","commercial, informational",Organic
getaways in ny,50,50,30,31,1.13,https://epictravelsblog.com/10-best-new-york-weekend-getaway-ideas/,0,0,0.00,0.62,0,"[1,1,11,11,1,1,1,0,0,0,0,0]",2026-03-10,"Video, Image, Video Carousel, Related searches, Short videos, AI overview",informational,Organic
is antarctica dangerous,36,36,70,20,0.00,https://epictravelsblog.com/solo-antarctica-safety-guidelines-avoid-costly-mistakes/,0,0,0.00,0.33,69,"[35,28,35,14,78,14,78,78,28,78,78,100]",2026-04-04,"Sitelinks, Video, Image, Video Carousel, Related searches, AI overview",informational,Organic
weekend getaways from new york,70,70,110,12,0.93,https://epictravelsblog.com/10-best-new-york-weekend-getaway-ideas/,0,0,0.00,0.51,32100000,"[13,16,0,4,4,3,3,20,2,4,8,8]",2026-03-04,"Sitelinks, Video, Image, People also ask, Related searches, Short videos, AI overview",informational,Organic
weekend getaways new york,78,78,590,23,0.90,https://epictravelsblog.com/10-best-new-york-weekend-getaway-ideas/,0,0,0.00,0.69,31300000,"[2,7,7,2,2,13,4,16,3,2,2,2]",2026-03-13,"Sitelinks, Video, Image, Related searches, AI overview","commercial, informational",Organic
cheap antarctica cruise,77,77,90,16,2.50,https://epictravelsblog.com/how-to-find-the-cheapest-antarctica-cruise/,0,0,0.00,0.27,145,"[35,8,10,18,14,14,6,43,8,8,8,22]",2026-03-20,"Sitelinks, Video, Image, Related searches, Discussions and forums",commercial,Organic
nyc weekend getaways,53,53,720,17,0.90,https://epictravelsblog.com/10-best-new-york-weekend-getaway-ideas/,0,0,0.00,0.69,0,"[5,3,4,13,13,8,28,13,15,8,3,1]",2026-03-11,"Sitelinks, Video, Image, Related searches, Discussions and forums, AI overview",informational,Organic
getaways in new york,88,88,110,19,1.04,https://epictravelsblog.com/10-best-new-york-weekend-getaway-ideas/,0,0,0.00,0.54,31200000,"[6,100,18,43,10,14,14,18,6,29,22,18]",2026-03-05,"Video, Image, Video Carousel, People also ask, Related searches, Short videos, Discussions and forums, AI overview",informational,Organic
weekend trips out of nyc,92,92,590,22,0.90,https://epictravelsblog.com/10-best-new-york-weekend-getaway-ideas/,0,0,0.00,0.69,142,"[0,0,0,0,0,100,0,0,0,0,0,0]",2026-03-13,"Sitelinks, Video, Image, Related searches, Short videos, Discussions and forums, AI overview",informational,Organic
petra 2 day tour,65,65,30,12,1.71,https://epictravelsblog.com/jordan-petra-tour-2-days-itinerary/,0,0,0.00,0.78,105000000,"[50,50,75,50,50,25,75,100,75,75,75,75]",2026-03-22,"Sitelinks, Video, Image, Ads bottom, People also ask, Related searches, See results about, AI overview",informational,Organic
long weekend getaways from nyc,89,89,140,17,0.67,https://epictravelsblog.com/10-best-new-york-weekend-getaway-ideas/,0,0,0.00,0.27,33500000,"[33,66,52,52,80,100,66,66,80,52,66,52]",2026-03-03,"Sitelinks, Video, Image, People also ask, Related searches, Discussions and forums, AI overview",informational,Organic
best place to visit in south africa,47,47,110,40,1.56,https://epictravelsblog.com/best-places-to-visit-in-south-africa-you-cant-miss/,0,0,0.00,0.39,738000000,"[10,18,18,2,22,29,22,22,35,22,35,43]",2026-03-20,"Sitelinks, Video, Video Carousel, People also ask, Related searches, Short videos, Discussions and forums",commercial,Organic
worst time to visit niagara falls,65,65,320,16,0.00,https://epictravelsblog.com/3-worst-niagara-falls-excursion-fails/,0,0,0.00,0,1640000,"[35,66,54,54,54,66,54,54,100,100,18,11]",2026-02-28,"Sitelinks, Video, Image, People also ask, Related searches, AI overview","commercial, informational",Organic
weekend trip to new york city,97,97,90,21,0.67,https://epictravelsblog.com/10-best-new-york-weekend-getaway-ideas/,0,0,0.00,0.59,157,"[41,29,41,41,29,41,82,29,64,64,82,64]",2026-03-20,"Video, Image, Related searches, AI overview",informational,Organic
antarctica cruise cheap,56,56,1000,20,2.50,https://epictravelsblog.com/how-to-find-the-cheapest-antarctica-cruise/,0,0,0.00,0.27,147,"[31,37,68,46,52,37,46,46,100,25,37,52]",2026-03-11,"Sitelinks, Video, Image, Related searches, Discussions and forums, AI overview",informational,Organic
antarctica cruise cheap,75,75,1000,20,2.50,https://epictravelsblog.com/how-to-find-the-cheapest-antarctica-cruise/,0,0,0.00,0.27,147,"[31,37,68,46,52,37,46,46,100,25,37,52]",2026-03-11,"Sitelinks, Video, Image, Related searches, Discussions and forums, AI overview",informational,Organic
best places to visit in south africa,46,46,480,25,1.66,https://epictravelsblog.com/best-places-to-visit-in-south-africa-you-cant-miss/,0,0,0.00,0.39,0,"[66,81,44,54,54,54,54,54,66,81,81,100]",2026-03-06,"Sitelinks, Video, Related searches, Discussions and forums, AI overview","commercial, informational",Organic
traveling alone in new zealand,83,83,50,20,0.00,https://epictravelsblog.com/why-solo-travel-in-new-zealand/,0,0,0.00,0.62,0,"[9,0,4,0,66,9,4,100,42,42,4,42]",2026-03-12,"Sitelinks, Video, Image, Related searches, Short videos, AI overview",informational,Organic
nice places to visit in south africa,93,93,140,22,1.56,https://epictravelsblog.com/best-places-to-visit-in-south-africa-you-cant-miss/,0,0,0.00,0.39,803000000,"[65,43,15,34,100,53,21,43,34,43,21,43]",2026-03-22,"Sitelinks, Video, Image, Ads bottom, Video Carousel, Related searches, Short videos, AI overview",informational,Organic
tourist points in pakistan,51,51,90,37,0.00,https://epictravelsblog.com/8-best-tourist-destinations-in-pakistan/,0,0,0.00,0,179,"[0,0,1,3,3,5,2,3,3,5,5,2]",2026-03-10,"Video, Image, Video Carousel, Related searches, Short videos, AI overview",informational,Organic
tourist points in pakistan,94,94,90,37,0.00,https://epictravelsblog.com/8-best-tourist-destinations-in-pakistan/,0,0,0.00,0,179,"[0,0,1,3,3,5,2,3,3,5,5,2]",2026-03-10,"Video, Image, Video Carousel, Related searches, Short videos, AI overview",informational,Organic
best weekend trips from new york,60,60,1000,25,0.88,https://epictravelsblog.com/10-best-new-york-weekend-getaway-ideas/,0,0,0.00,0.36,132000000,"[34,100,7,1,44,5,7,3,2,100,100,7]",2026-03-30,"Sitelinks, Video, Image, People also ask, Related searches, Discussions and forums, AI overview",commercial,Organic
nyc getaway,75,75,480,28,1.04,https://epictravelsblog.com/10-best-new-york-weekend-getaway-ideas/,0,0,0.00,0.54,42800000,"[10,13,55,36,20,30,24,81,10,30,20,16]",2026-03-02,"Sitelinks, Video, Image, People also ask, Related searches, Discussions and forums, AI overview",informational,Organic
nyc getaway,83,83,480,28,1.04,https://epictravelsblog.com/10-best-new-york-weekend-getaway-ideas/,0,0,0.00,0.54,42800000,"[10,13,55,36,20,30,24,81,10,30,20,16]",2026-03-02,"Sitelinks, Video, Image, People also ask, Related searches, Discussions and forums, AI overview",informational,Organic
weekend getaways near new york ny,81,81,30,30,0.78,https://epictravelsblog.com/10-best-new-york-weekend-getaway-ideas/,0,0,0.00,0.53,131,"[9,52,9,9,9,9,9,9,9,9,9,9]",2026-03-23,"Sitelinks, Video, Related searches, Short videos, AI overview",informational,Organic
cheapest way to visit antarctica,94,94,140,6,1.64,https://epictravelsblog.com/how-to-find-the-cheapest-antarctica-cruise/,0,0,0.00,0.69,0,"[65,53,53,53,53,42,53,65,53,42,65,100]",2026-03-15,"Sitelinks, Video, Image, Related searches, Discussions and forums, AI overview",informational,Organic
weekend trip to nyc,84,84,70,25,0.60,https://epictravelsblog.com/10-best-new-york-weekend-getaway-ideas/,0,0,0.00,0.65,146,"[11,11,7,7,7,5,7,9,5,5,11,7]",2026-03-05,"Video, Image, Video Carousel, People also ask, Related searches, AI overview",informational,Organic
affordable antarctica cruise,79,79,110,18,2.45,https://epictravelsblog.com/how-to-find-the-cheapest-antarctica-cruise/,0,0,0.00,0.4,1820000,"[11,100,8,8,8,5,6,15,18,23,5,1]",2026-03-02,"Video, Image, Ads bottom, Video Carousel, People also ask, Related searches, Discussions and forums, AI overview",informational,Organic
best niagara falls tours,75,75,210,33,2.13,https://epictravelsblog.com/niagara-falls-tours-best-unforgettable-trips/,0,0,0.00,0.89,12200000,"[35,28,43,43,82,82,100,82,66,35,17,17]",2026-03-13,"Local pack, Sitelinks, Video, Image, Video Carousel, Related searches, Discussions and forums",commercial,Organic
cheap weekend getaways in ny,62,62,110,28,0.75,https://epictravelsblog.com/10-best-new-york-weekend-getaway-ideas/,0,0,0.00,0.62,124,"[17,21,1,7,9,9,21,11,4,14,17,5]",2026-03-05,"Sitelinks, Video, Image, People also ask, Related searches, Discussions and forums, AI overview",informational,Organic
cheap weekend getaways in ny,75,75,110,28,0.75,https://epictravelsblog.com/10-best-new-york-weekend-getaway-ideas/,0,0,0.00,0.62,124,"[17,21,1,7,9,9,21,11,4,14,17,5]",2026-03-05,"Sitelinks, Video, Image, People also ask, Related searches, Discussions and forums, AI overview",informational,Organic
best weekend getaways from nyc,47,47,1000,19,0.88,https://epictravelsblog.com/10-best-new-york-weekend-getaway-ideas/,0,0,0.00,0.36,39300000,"[84,52,84,37,52,84,84,68,52,52,31,31]",2026-03-24,"Sitelinks, Video, Image, Related searches, Discussions and forums, AI overview",commercial,Organic
weekend getaways in nys,54,54,90,25,0.97,https://epictravelsblog.com/10-best-new-york-weekend-getaway-ideas/,0,0,0.00,0.87,387000,"[19,19,19,42,26,53,34,65,34,42,26,26]",2026-03-15,"Sitelinks, Video, Image, Hotels Pack, Related searches, Discussions and forums, AI overview",informational,Organic
best tour niagara falls,46,46,40,33,2.13,https://epictravelsblog.com/niagara-falls-tours-best-unforgettable-trips/,0,0,0.00,0.89,31200000,"[27,18,18,18,36,36,81,81,81,0,9,0]",2026-03-09,"Local pack, Sitelinks, Video, Image, Video Carousel, Related searches, Discussions and forums, AI overview",commercial,Organic
weekend getaways in nyc,69,69,40,23,0.93,https://epictravelsblog.com/10-best-new-york-weekend-getaway-ideas/,0,0,0.00,0.51,18300000,"[0,0,0,0,3,1,1,1,0,0,1,1]",2026-03-06,"Sitelinks, Video, Image, Related searches, Discussions and forums, AI overview","commercial, informational",Organic
best places to visit in sa,51,51,210,31,1.56,https://epictravelsblog.com/best-places-to-visit-in-south-africa-you-cant-miss/,0,0,0.00,0.39,0,"[54,35,10,22,66,66,29,22,54,35,54,81]",2026-03-14,"Sitelinks, Video, Related searches, Short videos, AI overview",commercial,Organic
weekend getaway nyc,71,71,260,11,0.90,https://epictravelsblog.com/10-best-new-york-weekend-getaway-ideas/,0,0,0.00,0.69,42100000,"[34,7,7,3,5,16,13,2,2,1,2,1]",2026-03-29,"Sitelinks, Video, Image, Related searches, Discussions and forums, AI overview",informational,Organic
