Source url,Source title,Response code,Backlinks,Domains,External links,Internal links,Last seen
https://epictravelsblog.com/,,200,61,21,0,0,2026-03-26
https://epictravelsblog.com/10-best-new-york-weekend-getaway-ideas/,Not Acceptable!,406,0,0,0,0,2025-12-22
https://epictravelsblog.com/10-secret-wellness-hotel-switzerland-spots/,Not Acceptable!,406,0,0,0,0,2025-12-22
https://epictravelsblog.com/2025/08/10/,Not Acceptable!,406,0,0,0,0,2025-12-22
https://epictravelsblog.com/2025/08/11/,Not Acceptable!,406,0,0,0,0,2025-12-22
https://epictravelsblog.com/2025/08/12/,Not Acceptable!,406,0,0,0,0,2025-12-22
https://epictravelsblog.com/2025/08/13/,Not Acceptable!,406,0,0,0,0,2025-12-22
https://epictravelsblog.com/2025/08/14/,Not Acceptable!,406,0,0,0,0,2025-12-22
https://epictravelsblog.com/2025/08/15/,Not Acceptable!,406,0,0,0,0,2025-12-23
https://epictravelsblog.com/2025/08/16/,Not Acceptable!,406,0,0,0,0,2025-12-22
https://epictravelsblog.com/2025/08/18/,Not Acceptable!,406,0,0,0,0,2025-12-22
https://epictravelsblog.com/2025/08/20/,Not Acceptable!,406,0,0,0,0,2025-12-22
https://epictravelsblog.com/2025/08/21/,Not Acceptable!,406,0,0,0,0,2025-12-22
https://epictravelsblog.com/2025/08/23/,Not Acceptable!,406,0,0,0,0,2025-12-22
https://epictravelsblog.com/2025/08/25/,Not Acceptable!,406,0,0,0,0,2025-12-22
https://epictravelsblog.com/2025/09/01/,Not Acceptable!,406,0,0,0,0,2025-12-22
https://epictravelsblog.com/2025/09/02/,Not Acceptable!,406,0,0,0,0,2025-12-22
https://epictravelsblog.com/2025/09/03/,Not Acceptable!,406,0,0,0,0,2025-12-22
https://epictravelsblog.com/2025/09/05/,Not Acceptable!,406,0,0,0,0,2025-12-24
https://epictravelsblog.com/2025/09/09/,Not Acceptable!,406,0,0,0,0,2025-12-22
https://epictravelsblog.com/2025/09/11/,Not Acceptable!,406,0,0,0,0,2025-12-22
https://epictravelsblog.com/2025/09/22/,Not Acceptable!,406,0,0,0,0,2025-12-22
https://epictravelsblog.com/2025/09/23/,Not Acceptable!,406,0,0,0,0,2025-12-22
https://epictravelsblog.com/2025/09/27/,Not Acceptable!,406,0,0,0,0,2025-12-22
https://epictravelsblog.com/3-worst-niagara-falls-excursion-fails/,Not Acceptable!,406,0,0,0,0,2025-12-22
https://epictravelsblog.com/8-best-tourist-destinations-in-pakistan/,Not Acceptable!,406,0,0,0,0,2025-12-27
https://epictravelsblog.com/about-us/,Not Acceptable!,406,0,0,0,0,2025-12-23
https://epictravelsblog.com/author/arslanrana876/,Not Acceptable!,406,0,0,0,0,2025-12-22
https://epictravelsblog.com/best-places-to-visit-in-south-africa-you-cant-miss/,Not Acceptable!,406,0,0,0,0,2025-12-23
https://epictravelsblog.com/blog/,Not Acceptable!,406,0,0,0,0,2025-12-22
https://epictravelsblog.com/category/africa/,Not Acceptable!,406,0,0,0,0,2025-12-22
https://epictravelsblog.com/category/antarctica/,Not Acceptable!,406,0,0,0,0,2025-12-22
https://epictravelsblog.com/category/asia/,Not Acceptable!,406,0,0,0,0,2025-12-22
https://epictravelsblog.com/category/calculators/,Not Acceptable!,406,0,0,0,0,2025-12-22
https://epictravelsblog.com/category/europe/,Not Acceptable!,406,0,0,0,0,2025-12-22
https://epictravelsblog.com/category/featured/,Not Acceptable!,406,0,0,0,0,2025-12-22
https://epictravelsblog.com/category/middle-east/,Not Acceptable!,406,0,0,0,0,2025-12-22
https://epictravelsblog.com/category/north-america/,Not Acceptable!,406,0,0,0,0,2025-12-22
https://epictravelsblog.com/category/oceania/,Not Acceptable!,406,0,0,0,0,2025-12-22
https://epictravelsblog.com/category/south-america/,Not Acceptable!,406,0,0,0,0,2025-12-22
https://epictravelsblog.com/contact-us/,Not Acceptable!,406,0,0,0,0,2025-12-22
https://epictravelsblog.com/dont-miss-these-thrilling-things-to-do-in-la-this-weekend/,Not Acceptable!,406,0,0,0,0,2025-12-22
https://epictravelsblog.com/great-wall-of-china-tour-for-families/,Not Acceptable!,406,0,0,0,0,2025-12-23
https://epictravelsblog.com/hidden-waterfalls-switzerland-tourists-always-overlook/,Not Acceptable!,406,0,0,0,0,2025-12-22
https://epictravelsblog.com/how-to-find-the-cheapest-antarctica-cruise/,Not Acceptable!,406,0,0,0,0,2025-12-22
https://epictravelsblog.com/jordan-petra-tour-2-days-itinerary/,Not Acceptable!,406,0,0,0,0,2025-12-22
https://epictravelsblog.com/kenya-safari-tours-explore-untamed-africa/,Not Acceptable!,406,0,0,0,0,2025-12-22
https://epictravelsblog.com/kuwait-travels-beaches-desert/,Not Acceptable!,406,0,0,0,0,2025-12-22
https://epictravelsblog.com/magical-secrets-for-family-travel-antarctica/,Not Acceptable!,406,0,0,0,0,2025-12-22
https://epictravelsblog.com/magical-tower-of-london-tour-experience/,Not Acceptable!,406,0,0,0,0,2025-12-22
https://epictravelsblog.com/my-account/,Not Acceptable!,406,0,0,0,0,2025-12-22
https://epictravelsblog.com/niagara-falls-tours-best-unforgettable-trips/,Not Acceptable!,406,0,0,0,0,2025-12-22
https://epictravelsblog.com/osaka-travel-bliss-foodies-dream/,Not Acceptable!,406,0,0,0,0,2025-12-22
https://epictravelsblog.com/privacy-policy/,Not Acceptable!,406,0,0,0,0,2025-12-22
https://epictravelsblog.com/sitemap/,Not Acceptable!,406,0,0,0,0,2025-12-22
https://epictravelsblog.com/solo-antarctica-safety-guidelines-avoid-costly-mistakes/,Not Acceptable!,406,0,0,0,0,2025-12-22
https://epictravelsblog.com/travel-calculator/,Not Acceptable!,406,0,0,0,0,2025-12-22
https://epictravelsblog.com/trip-calculator/,Not Acceptable!,406,0,0,0,0,2025-12-24
https://epictravelsblog.com/unbeatable-turkey-tourism-package-for-2025-trips/,Not Acceptable!,406,0,0,0,0,2025-12-22
https://epictravelsblog.com/why-budget-travel-to-thailand-beats-every-luxury-trip/,Not Acceptable!,406,0,0,0,0,2025-12-22
https://epictravelsblog.com/why-solo-travel-in-new-zealand/,Not Acceptable!,406,0,0,0,0,2025-12-22
https://epictravelsblog.com/why-winter-is-the-best-time-to-visit-johannesburg/,Not Acceptable!,406,0,0,0,0,2025-12-22
https://epictravelsblog.com/write-for-us/,Not Acceptable!,406,0,0,0,0,2025-12-22
