Page ascore,Source title,Source url,Target url,Anchor,External links,Internal links,Nofollow,Sponsored,Ugc,Text,Frame,Form,Image,Sitewide,First seen,Last seen,New link,Lost link
0,seo domain research,http://blinks.monster/domain/domain/part/79129,https://epictravelsblog.com/,epictravelsblog.com,5041,3,true,false,false,true,false,false,false,false,2026-01-12,2026-03-25,false,false
0,seo domain research,http://knows.sbs/domain/domain/part/79129,https://epictravelsblog.com/,epictravelsblog.com,5041,3,true,false,false,true,false,false,false,false,2026-02-24,2026-02-24,false,false
0,seo domain research,http://seol.store/domain/domain/part/79129,https://epictravelsblog.com/,epictravelsblog.com,5041,3,true,false,false,true,false,false,false,false,2026-02-03,2026-02-03,false,false
0,seo domain research,http://takes.sbs/domain/domain/part/79129,https://epictravelsblog.com/,epictravelsblog.com,5041,3,true,false,false,true,false,false,false,false,2026-02-01,2026-02-01,false,false
0,seo domain research,http://wants.cfd/domain/domain/part/79129,https://epictravelsblog.com/,epictravelsblog.com,5041,3,true,false,false,true,false,false,false,false,2026-02-27,2026-02-27,false,false
0,seo domain research,http://wants.cfd/domain/domain/part/79129/,https://epictravelsblog.com/,epictravelsblog.com,5041,3,true,false,false,true,false,false,false,false,2026-04-13,2026-04-13,true,false
0,❤️ URL Shared ❤️,https://backlinks-checker.com/share/88405,https://epictravelsblog.com/,epictravelsblog.com,3500,21,true,false,false,true,false,false,false,false,2026-01-21,2026-01-21,false,false
0,seo domain research,https://blinks.monster/domain/domain/part/79129,https://epictravelsblog.com/,epictravelsblog.com,5041,3,true,false,false,true,false,false,false,false,2025-12-16,2026-04-09,false,false
0,seo domain research,https://blinks.sbs/domain/domain/part/79129,https://epictravelsblog.com/,epictravelsblog.com,5041,3,true,false,false,true,false,false,false,false,2026-02-15,2026-04-02,false,false
0,✅ Website Stats 📊,https://blogsphere.top/stats/88405,https://epictravelsblog.com/,epictravelsblog.com,3500,21,true,false,false,true,false,false,false,false,2026-03-25,2026-03-25,true,false
0,👲 Domain Report 👲,https://blueinblue.com/report/88404,https://epictravelsblog.com/,epictravelsblog.com,3500,21,true,false,false,true,false,false,false,false,2026-01-31,2026-01-31,false,false
0,❤️ URL Shared ❤️,https://buzzshrink.website/share/3739072,https://epictravelsblog.com/,epictravelsblog.com,100,11,true,false,false,true,false,false,false,false,2025-10-03,2025-10-03,false,false
0,❤️ URL Shared ❤️,https://buzzshrink.website/share/88405,https://epictravelsblog.com/,epictravelsblog.com,3500,21,true,false,false,true,false,false,false,false,2026-04-12,2026-04-12,true,false
0,👲 Domain Report 👲,https://bye.fyi/report/88405,https://epictravelsblog.com/,epictravelsblog.com,3500,21,true,false,false,true,false,false,false,false,2026-03-03,2026-03-03,false,false
0,👲 Domain Report 👲,https://byteshort.xyz/report/88404,https://epictravelsblog.com/,epictravelsblog.com,3500,21,true,false,false,true,false,false,false,false,2026-02-28,2026-02-28,false,false
0,👲 Domain Report 👲,https://drjack.world/report/88404,https://epictravelsblog.com/,epictravelsblog.com,3500,21,true,false,false,true,false,false,false,false,2026-02-19,2026-02-19,false,false
0,seo domain research,https://knows.sbs/domain/domain/part/79129,https://epictravelsblog.com/,epictravelsblog.com,5041,3,true,false,false,true,false,false,false,false,2025-12-25,2026-02-17,false,false
0,✅ Website Stats 📊,https://optimizeflow.top/stats/88404,https://epictravelsblog.com/,epictravelsblog.com,3500,21,true,false,false,true,false,false,false,false,2026-02-18,2026-02-18,false,false
0,✅ Website Stats 📊,https://ready.pro/stats/88405,https://epictravelsblog.com/,epictravelsblog.com,3500,21,true,false,false,true,false,false,false,false,2026-03-04,2026-04-16,false,false
0,seo domain research,https://seodomains.website/domain/domain/part/79129,https://epictravelsblog.com/,epictravelsblog.com,5041,3,true,false,false,true,false,false,false,false,2025-12-29,2026-04-20,false,false
0,seo domain research,https://seol.store/domain/domain/part/79129,https://epictravelsblog.com/,epictravelsblog.com,5041,3,true,false,false,true,false,false,false,false,2026-02-04,2026-04-11,false,false
0,❤️ URL Shared ❤️,https://shortenurls.eu/share/88405,https://epictravelsblog.com/,epictravelsblog.com,3500,21,true,false,false,true,false,false,false,false,2025-11-26,2025-11-26,false,false
0,❤️ URL Shared ❤️,https://sites.jake.eu/share/88404,https://epictravelsblog.com/,epictravelsblog.com,3500,21,true,false,false,true,false,false,false,false,2026-01-30,2026-04-03,false,false
0,seo domain research,https://takes.sbs/domain/domain/part/79129,https://epictravelsblog.com/,epictravelsblog.com,5041,3,true,false,false,true,false,false,false,false,2025-12-20,2026-02-28,false,false
0,seo domain research,https://takes.sbs/domain/domain/part/79129/,https://epictravelsblog.com/,epictravelsblog.com,5041,3,true,false,false,true,false,false,false,false,2026-02-03,2026-02-03,false,false
0,❤️ URL Shared ❤️,https://urls-shortener.eu/share/88405,https://epictravelsblog.com/,epictravelsblog.com,3500,21,true,false,false,true,false,false,false,false,2025-12-07,2025-12-07,false,false
0,seo domain research,https://wants.cfd/domain/domain/part/79129,https://epictravelsblog.com/,epictravelsblog.com,5041,3,true,false,false,true,false,false,false,false,2026-01-03,2026-03-31,false,false
0,seo domain research,https://wants.cfd/domain/domain/part/79129/,https://epictravelsblog.com/,epictravelsblog.com,5041,3,true,false,false,true,false,false,false,false,2026-03-22,2026-03-22,true,false
0,❤️ URL Shared ❤️,https://websites.freemyip.com/share/88404,https://epictravelsblog.com/,epictravelsblog.com,3500,21,true,false,false,true,false,false,false,false,2026-02-16,2026-03-20,false,false
0,a1webdirectory.com | 1 Million websites from folder167 | page no. 9555,https://www.a1webdirectory.com/folder167/9555/6708f414ba88ef9394a0e0690cce0772/,https://epictravelsblog.com/,epictravelsblog.com,100,120,true,false,false,true,false,false,false,false,2025-09-18,2026-01-03,false,true
0,Top Domains – Page 79129 – domains.com.bz,https://www.domains.com.bz/page/79129/,https://epictravelsblog.com/,epictravelsblog.com,1184,13,false,false,false,true,false,false,false,false,2026-02-27,2026-02-27,false,false
